Rian,Lee,Booyer,1,Marketing,5735551234,123,RianBooyer@A1.com
Seth,Adrian,Booyer,2,Marketing,5735551234,124,SethBooyer@A1.com
Olivia,Celeste,Booyer,3,MIS,5735551234,125,Oliviabooyer@a1.com
Kennith,Markus,Milliman,4,Accounting,5735551234,126,KennithMarkus@a1.com
Tanner,Wasnt,Born,5,Accounting,5735551234,127,TannerBorn@a1.com
Marleen,Wants,Moor,6,Accounting,5735551234,128,MarleneMoor@a1.com
Jerald,Isnt,Alexander,7,Accounting,5735551234,129,JeraldAlexander@a1.com
Amado,Tony,Leonetti,8,Accounting,5735551234,130,AmadoTony@a1.com
Rodger,Cranky,Toews,9,Accounting,5735551234,201,RodgerToews@a1.com
Elwanda,Delwanda,Rieves,10,Accounting,5735551234,202,ElwandaRieves@a1.com
Lorita,Pew,Tews,11,Accounting,5735551234,203,LoritaTews@a1.com
Mathilda,Tina,Celis,12,Accounting,5735551234,204,MathildaCelis@a1.com
Angla,Bacham,Bertsch,13,Marketing,5735551234,205,AngelaBertsch@a1.com
Adeline,Dorris,Covey,14,Marketing,5735551234,206,AdelineCovey@a1.com
Guillermo,Pordon,Dorothy,15,Marketing,5735551234,207,GuillermoDorthy@a1.com
Minerva,Angelica,Stimson,16,Marketing,5735551234,208,MinervaStimson@a1.com
Tyisha,Syrisha,Byerly,17,Marketing,5735551234,210,TyishaByerly@a1.com
Shayla,Something,Prenatt,18,Marketing,5735551234,211,ShaylaPrenatt@a1.com
Steven,Octuras,Shuey,19,Marketing,5735551234,314,StevensShuey@a1.com
Cassey,Tina,Pitcher,20,Sales,5735551234,315,CasseyPitcher@a1.com
Arla,Huey,Overstreet,21,Sales,5735551234,318,ArlaOverstreet@a1.com
Nydia,Duey,Armor,22,Sales,5735551234,415,NydiaArmor@a1.com
Juliana,Louey,Senter,23,Sales,5735551234,220,JulianaSenter@a1.com
Dianne,Grouchy,Betz,24,Sales,5735551234,517,DianneBetz@a1.com
Domonique,Running,Vanmatre,25,Sales,5735551234,518,DomoniqueVanmatre@a1.com
Alejandra,Out,Trippe,26,Sales,5735551234,519,AlejandraTrippe@a1.com
Cathi,Of,Devore,27,Marketing,5735551234,520,CathiDevore@a1.com
Renata,Ideas,Shanklin,28,Marketing,5735551234,330,RenataShanklin@a1.com
Dominque,One,Jenks,29,Marketing,5735551234,331,DominiqueJenks@a1.com
Josue,Two,Michalik,30,MIS,5735551234,332,JosueMichalik@a1.com
Arcelia,Three,Spotts,31,MIS,5735551234,333,ArceliaSpotts@a1.com
Blair,Isnt,President,32,MIS,5735551234,334,BlairPresident@a1.com
Gwyneth,Maybee,Olinger,33,MIS,5735551234,335,GwynethOlinger@a1.com
Betty,D,Eaton,34,MIS,5735551234,999,BettyEaton@A1.com
